epoch,train_loss,train_accuracy,val_loss,val_accuracy,learning_rate,epoch_time_sec
1,0.8413501977920532,0.7200137972831726,0.5935167670249939,0.8105849623680115,0.0010000000474974513,87.87721419334412
2,0.5726703405380249,0.808503270149231,0.5456787943840027,0.8133704662322998,0.0010000000474974513,46.72417402267456
3,0.5248905420303345,0.8181818127632141,0.5226233601570129,0.8412256240844727,0.0010000000474974513,46.404035568237305
4,0.5045135021209717,0.8313169479370117,0.5000547170639038,0.8384401202201843,0.0010000000474974513,45.82094097137451
5,0.4756631851196289,0.8382301926612854,0.49150481820106506,0.8467966318130493,0.0010000000474974513,45.97716403007507
6,0.4731231927871704,0.8406498432159424,0.4960610568523407,0.8495821952819824,0.0010000000474974513,45.41049003601074
7,0.45846542716026306,0.8461804389953613,0.4813291132450104,0.8523676991462708,0.0010000000474974513,45.11828923225403
8,0.4590070843696594,0.8454890847206116,0.4816340208053589,0.8495821952819824,0.0010000000474974513,44.652185916900635
9,0.447221964597702,0.8458347916603088,0.4820324182510376,0.8551532030105591,0.0010000000474974513,45.18387722969055
10,0.4428505003452301,0.8489457368850708,0.4609569311141968,0.8579387068748474,0.0010000000474974513,45.740825176239014
11,0.4342348277568817,0.8527480363845825,0.46998217701911926,0.8467966318130493,0.0010000000474974513,44.72390007972717
12,0.42892274260520935,0.8520566821098328,0.46366167068481445,0.8607242107391357,0.0010000000474974513,44.94104361534119
13,0.4196757376194,0.8613895773887634,0.4726220369338989,0.8523676991462708,0.0010000000474974513,45.072202920913696
14,0.4223047196865082,0.8541306853294373,0.45890262722969055,0.8607242107391357,0.0010000000474974513,46.030301570892334
15,0.4219004511833191,0.8544763326644897,0.4574604034423828,0.8635097742080688,0.0010000000474974513,48.35424065589905
16,0.41713619232177734,0.8513653874397278,0.4617888927459717,0.8467966318130493,0.0010000000474974513,46.36694121360779
17,0.4082077145576477,0.858624279499054,0.46680209040641785,0.8495821952819824,0.0010000000474974513,45.28077292442322
18,0.4011906087398529,0.8627722263336182,0.45186829566955566,0.8551532030105591,0.0010000000474974513,45.46657180786133
19,0.41240110993385315,0.8565502762794495,0.45705798268318176,0.8495821952819824,0.0010000000474974513,44.43935823440552
20,0.40819910168647766,0.8582786321640015,0.46079495549201965,0.8607242107391357,0.0010000000474974513,44.79838967323303
21,0.40889793634414673,0.8617352247238159,0.481026828289032,0.8523676991462708,0.0010000000474974513,45.26560854911804
22,0.3958091139793396,0.8686484694480896,0.45670264959335327,0.8579387068748474,0.0010000000474974513,44.82938241958618
23,0.3894544243812561,0.8700311183929443,0.4622802436351776,0.8607242107391357,0.0010000000474974513,44.598066329956055
24,0.3861796259880066,0.8686484694480896,0.46521127223968506,0.8579387068748474,0.0005000000237487257,44.206061601638794
25,0.3817707896232605,0.8683028221130371,0.45793619751930237,0.8579387068748474,0.0005000000237487257,44.64775514602661
26,0.38227319717407227,0.8700311183929443,0.45318281650543213,0.8523676991462708,0.0005000000237487257,45.11030602455139
27,0.3829204738140106,0.8724507689476013,0.4503978490829468,0.8579387068748474,0.0005000000237487257,46.24396014213562
28,0.3684837818145752,0.8693397641181946,0.44993433356285095,0.8607242107391357,0.0005000000237487257,45.72092294692993
29,0.3796568214893341,0.8683028221130371,0.45185232162475586,0.8579387068748474,0.0005000000237487257,44.477455854415894
30,0.37472236156463623,0.8727964162826538,0.4502005875110626,0.8579387068748474,0.0005000000237487257,44.349984884262085
31,0.3861258327960968,0.8696854710578918,0.4545883536338806,0.8579387068748474,0.0005000000237487257,44.53921604156494
32,0.3793189227581024,0.8765987157821655,0.450240820646286,0.8607242107391357,0.0005000000237487257,44.669522762298584
33,0.38207459449768066,0.8703767657279968,0.44744911789894104,0.8579387068748474,0.0005000000237487257,45.25788068771362
34,0.37586352229118347,0.8734877109527588,0.4611556828022003,0.8523676991462708,0.0005000000237487257,44.76194930076599
35,0.3787195384502411,0.8686484694480896,0.4515157639980316,0.8579387068748474,0.0005000000237487257,44.430156230926514
36,0.3788549304008484,0.8686484694480896,0.45608311891555786,0.8607242107391357,0.0005000000237487257,44.541260719299316
37,0.3703792691230774,0.8790183067321777,0.4575381577014923,0.8551532030105591,0.0005000000237487257,44.6682825088501
38,0.36797818541526794,0.8731420636177063,0.45318785309791565,0.8635097742080688,0.0005000000237487257,44.590543270111084
39,0.37787872552871704,0.8703767657279968,0.449002742767334,0.8551532030105591,0.0002500000118743628,45.10552501678467
40,0.36157578229904175,0.8783270120620728,0.4451902210712433,0.8579387068748474,0.0002500000118743628,46.01685619354248
41,0.35892555117607117,0.874524712562561,0.44896093010902405,0.8579387068748474,0.0002500000118743628,44.73907256126404
42,0.3709683120250702,0.8759073615074158,0.452013224363327,0.8551532030105591,0.0002500000118743628,44.802698612213135
43,0.3695211708545685,0.8783270120620728,0.4457800090312958,0.8579387068748474,0.0002500000118743628,44.654040575027466
44,0.36134597659111023,0.8779813051223755,0.45263633131980896,0.8551532030105591,0.0002500000118743628,45.211034059524536
45,0.37027397751808167,0.8714137673377991,0.44764408469200134,0.8579387068748474,0.0002500000118743628,44.59241032600403
46,0.36197909712791443,0.8790183067321777,0.4466894567012787,0.8579387068748474,0.0001250000059371814,44.466907024383545
47,0.36255359649658203,0.8797096610069275,0.4489576816558838,0.8579387068748474,0.0001250000059371814,44.24968147277832
48,0.3641662895679474,0.872105062007904,0.4468499720096588,0.8579387068748474,0.0001250000059371814,44.294177532196045
49,0.3640616536140442,0.8783270120620728,0.4518263339996338,0.8551532030105591,0.0001250000059371814,44.9406316280365
50,0.3637588620185852,0.8779813051223755,0.44832682609558105,0.8579387068748474,0.0001250000059371814,44.47197437286377
51,0.3640415668487549,0.876944363117218,0.44590550661087036,0.8607242107391357,6.25000029685907e-05,44.75630569458008
52,0.35726720094680786,0.8748703598976135,0.44611430168151855,0.8579387068748474,6.25000029685907e-05,45.026530265808105
53,0.35931211709976196,0.8793639540672302,0.44468599557876587,0.8607242107391357,6.25000029685907e-05,45.17908549308777
54,0.3575458526611328,0.88005530834198,0.44602665305137634,0.8579387068748474,6.25000029685907e-05,44.594537019729614
55,0.3603030741214752,0.8779813051223755,0.4466542601585388,0.8579387068748474,6.25000029685907e-05,44.73315739631653
56,0.36075925827026367,0.8724507689476013,0.44738009572029114,0.8579387068748474,6.25000029685907e-05,44.5501434803009
57,0.35413041710853577,0.8810923099517822,0.4485275149345398,0.8579387068748474,6.25000029685907e-05,45.204068660736084
58,0.36433708667755127,0.8734877109527588,0.4473951458930969,0.8579387068748474,6.25000029685907e-05,45.31668138504028
59,0.36114346981048584,0.8741790652275085,0.44630634784698486,0.8579387068748474,3.125000148429535e-05,46.77928328514099
60,0.36539724469184875,0.873833417892456,0.4454522430896759,0.8579387068748474,3.125000148429535e-05,47.15767860412598
61,0.3662317097187042,0.8786726593971252,0.4456424415111542,0.8579387068748474,3.125000148429535e-05,48.696664810180664
62,0.36896464228630066,0.8634635210037231,0.4461694061756134,0.8579387068748474,3.125000148429535e-05,49.70186257362366
63,0.3585042953491211,0.8762530088424683,0.44616201519966125,0.8579387068748474,3.125000148429535e-05,47.292344093322754
64,0.35528886318206787,0.8852402567863464,0.44641464948654175,0.8579387068748474,1.5625000742147677e-05,45.02952718734741
65,0.3572942912578583,0.8779813051223755,0.4461795389652252,0.8579387068748474,1.5625000742147677e-05,44.45351696014404
66,0.3560890257358551,0.8765987157821655,0.4459476172924042,0.8579387068748474,1.5625000742147677e-05,44.76963233947754
67,0.3651221692562103,0.877635657787323,0.44565707445144653,0.8579387068748474,1.5625000742147677e-05,45.22110033035278
68,0.3634478449821472,0.8762530088424683,0.4457891285419464,0.8579387068748474,1.5625000742147677e-05,45.29997134208679
69,0.36017584800720215,0.8759073615074158,0.4458395540714264,0.8579387068748474,7.812500371073838e-06,44.84808111190796
70,0.3601323664188385,0.8759073615074158,0.44574204087257385,0.8579387068748474,7.812500371073838e-06,44.78596878051758
71,0.35981762409210205,0.8793639540672302,0.44583648443222046,0.8579387068748474,7.812500371073838e-06,44.57141327857971
72,0.3686891496181488,0.8717594146728516,0.44573256373405457,0.8579387068748474,7.812500371073838e-06,44.98767566680908
73,0.3614709973335266,0.8762530088424683,0.4458770453929901,0.8579387068748474,7.812500371073838e-06,44.77563738822937
